gene_id,SP
WBGene00220280,NO_SP
WBGene00220280_2,NO_SP
WBGene00220280_3,NO_SP
WBGene00220387,NO_SP
WBGene00220387_2,NO_SP
WBGene00220503,NO_SP
WBGene00220503_2,NO_SP
WBGene00220527,NO_SP
WBGene00220527_2,NO_SP
WBGene00220619,NO_SP
WBGene00220619_2,NO_SP
WBGene00220707,NO_SP
WBGene00220712,NO_SP
WBGene00220743,NO_SP
WBGene00220757,NO_SP
WBGene00220757_2,NO_SP
WBGene00220865,NO_SP
WBGene00220865_2,NO_SP
WBGene00220896,NO_SP
WBGene00221138,SP
WBGene00221138_2,SP
WBGene00221138_3,SP
WBGene00221138_4,SP
WBGene00221138_5,NO_SP
WBGene00221138_6,NO_SP
WBGene00221723,NO_SP
WBGene00221723_2,NO_SP
WBGene00221723_3,NO_SP
WBGene00221723_4,NO_SP
WBGene00221802,NO_SP
WBGene00221802_2,NO_SP
WBGene00221802_3,NO_SP
WBGene00221802_4,NO_SP
WBGene00221802_5,NO_SP
WBGene00221802_6,NO_SP
WBGene00221802_7,NO_SP
WBGene00221802_8,NO_SP
WBGene00221836,NO_SP
WBGene00221836_2,NO_SP
WBGene00221841,NO_SP
WBGene00221841_2,NO_SP
WBGene00221945,NO_SP
WBGene00221945_2,NO_SP
WBGene00221985,SP
WBGene00221985_2,SP
WBGene00221989,NO_SP
WBGene00222011,NO_SP
WBGene00222011_2,NO_SP
WBGene00222011_3,NO_SP
WBGene00222011_4,NO_SP
WBGene00222011_5,NO_SP
WBGene00222011_6,NO_SP
WBGene00222027,NO_SP
WBGene00222027_2,NO_SP
WBGene00222027_3,NO_SP
WBGene00222027_4,NO_SP
WBGene00222031,NO_SP
WBGene00222031_2,NO_SP
WBGene00222031_3,NO_SP
WBGene00222031_4,NO_SP
WBGene00222031_5,NO_SP
WBGene00222031_6,NO_SP
WBGene00222031_7,NO_SP
WBGene00222031_8,NO_SP
WBGene00222031_9,NO_SP
WBGene00222031_10,NO_SP
WBGene00222031_11,NO_SP
WBGene00222031_12,NO_SP
WBGene00222031_13,NO_SP
WBGene00222031_14,NO_SP
WBGene00222040,NO_SP
WBGene00222040_2,NO_SP
WBGene00222040_3,NO_SP
WBGene00222040_4,NO_SP
WBGene00222058,NO_SP
WBGene00222058_2,NO_SP
WBGene00222058_3,NO_SP
WBGene00222058_4,NO_SP
WBGene00222058_5,NO_SP
WBGene00222058_6,NO_SP
WBGene00222058_7,SP
WBGene00222058_8,SP
WBGene00222065,NO_SP
WBGene00222065_2,NO_SP
WBGene00222065_3,NO_SP
WBGene00222084,NO_SP
WBGene00222084_2,NO_SP
WBGene00222106,NO_SP
WBGene00222106_2,NO_SP
WBGene00222108,NO_SP
WBGene00222119,NO_SP
WBGene00222119_2,NO_SP
WBGene00222119_3,NO_SP
WBGene00222119_4,NO_SP
WBGene00222197,NO_SP
WBGene00222197_2,NO_SP
WBGene00222225,NO_SP
WBGene00222225_2,NO_SP
WBGene00222232,NO_SP
WBGene00222232_2,NO_SP
WBGene00222262,SP
WBGene00222262_2,SP
WBGene00222265,NO_SP
WBGene00222283,NO_SP
WBGene00222283_2,NO_SP
WBGene00222349,NO_SP
WBGene00222349_2,NO_SP
WBGene00222353,NO_SP
WBGene00222353_2,NO_SP
WBGene00222353_3,NO_SP
WBGene00222353_4,NO_SP
WBGene00222353_5,NO_SP
WBGene00222353_6,NO_SP
WBGene00222353_7,NO_SP
WBGene00222353_8,NO_SP
WBGene00222456,NO_SP
WBGene00222456_2,NO_SP
WBGene00222456_3,NO_SP
WBGene00222456_4,NO_SP
WBGene00222464,NO_SP
WBGene00222464_2,NO_SP
WBGene00222464_3,NO_SP
WBGene00222464_4,NO_SP
WBGene00222464_5,NO_SP
WBGene00222464_6,NO_SP
WBGene00222465,NO_SP
WBGene00222465_2,NO_SP
WBGene00222465_3,NO_SP
WBGene00222465_4,NO_SP
WBGene00222469,SP
WBGene00222469_2,NO_SP
WBGene00222551,NO_SP
WBGene00222551_2,NO_SP
WBGene00222590,SP
WBGene00222613,NO_SP
WBGene00222619,NO_SP
WBGene00222619_2,NO_SP
WBGene00222646,NO_SP
WBGene00222671,NO_SP
WBGene00222671_2,NO_SP
WBGene00222671_3,NO_SP
WBGene00222671_4,NO_SP
WBGene00222707,SP
WBGene00222707_2,SP
WBGene00222707_3,SP
WBGene00222707_4,SP
WBGene00222707_5,SP
WBGene00222707_6,SP
WBGene00222707_7,SP
WBGene00222707_8,SP
WBGene00222800,NO_SP
WBGene00222800_2,NO_SP
WBGene00222800_3,NO_SP
WBGene00222800_4,NO_SP
WBGene00222846,NO_SP
WBGene00222893,NO_SP
WBGene00222893_2,NO_SP
WBGene00222893_3,NO_SP
WBGene00222893_4,NO_SP
WBGene00222893_5,NO_SP
WBGene00222893_6,NO_SP
WBGene00222893_7,NO_SP
WBGene00222893_8,NO_SP
WBGene00222945,SP
WBGene00222945_2,SP
WBGene00222957,NO_SP
WBGene00222957_2,NO_SP
WBGene00222963,NO_SP
WBGene00222974,SP
WBGene00223023,NO_SP
WBGene00223023_2,NO_SP
WBGene00223086,NO_SP
WBGene00223086_2,NO_SP
WBGene00223086_3,NO_SP
WBGene00223086_4,NO_SP
WBGene00223086_5,NO_SP
WBGene00223086_6,NO_SP
WBGene00223104,NO_SP
WBGene00223104_2,NO_SP
WBGene00223116,NO_SP
WBGene00223116_2,NO_SP
WBGene00223116_3,NO_SP
WBGene00223132,SP
WBGene00223132_2,SP
WBGene00223135,NO_SP
WBGene00223135_2,NO_SP
WBGene00223135_3,NO_SP
WBGene00223142,NO_SP
WBGene00223142_2,NO_SP
WBGene00223150,NO_SP
WBGene00223150_2,NO_SP
WBGene00223190,NO_SP
WBGene00223190_2,NO_SP
WBGene00223190_3,NO_SP
WBGene00223248,NO_SP
WBGene00223248_2,NO_SP
WBGene00223248_3,NO_SP
WBGene00223248_4,NO_SP
WBGene00223283,NO_SP
WBGene00223283_2,NO_SP
WBGene00223283_3,NO_SP
WBGene00223283_4,NO_SP
WBGene00223363,NO_SP
WBGene00223363_2,NO_SP
WBGene00223363_3,NO_SP
WBGene00223363_4,NO_SP
WBGene00223390,NO_SP
WBGene00223390_2,NO_SP
WBGene00223407,SP
WBGene00223407_2,SP
WBGene00223407_3,SP
WBGene00223407_4,SP
WBGene00223411,NO_SP
WBGene00223411_2,NO_SP
WBGene00223423,NO_SP
WBGene00223423_2,NO_SP
WBGene00223423_3,NO_SP
WBGene00223423_4,NO_SP
WBGene00223447,NO_SP
WBGene00223447_2,NO_SP
WBGene00223447_3,NO_SP
WBGene00223456,NO_SP
WBGene00223456_2,NO_SP
WBGene00223456_3,NO_SP
WBGene00223456_4,NO_SP
WBGene00223456_5,NO_SP
WBGene00223456_6,NO_SP
WBGene00223467,NO_SP
WBGene00223467_2,NO_SP
WBGene00223496,NO_SP
WBGene00223496_2,NO_SP
WBGene00223568,NO_SP
WBGene00223568_2,NO_SP
WBGene00223628,NO_SP
WBGene00223628_2,NO_SP
WBGene00223652,NO_SP
WBGene00223652_2,NO_SP
WBGene00223652_3,NO_SP
WBGene00223652_4,NO_SP
WBGene00223658,NO_SP
WBGene00223735,NO_SP
WBGene00223735_2,NO_SP
WBGene00223746,NO_SP
WBGene00223746_2,NO_SP
WBGene00223746_3,NO_SP
WBGene00223746_4,NO_SP
WBGene00223764,SP
WBGene00223778,NO_SP
WBGene00223797,NO_SP
WBGene00223797_2,NO_SP
WBGene00223816,NO_SP
WBGene00223872,NO_SP
WBGene00223872_2,NO_SP
WBGene00223881,NO_SP
WBGene00223943,NO_SP
WBGene00223943_2,NO_SP
WBGene00223943_3,NO_SP
WBGene00223943_4,NO_SP
WBGene00223955,SP
WBGene00223990,NO_SP
WBGene00223990_2,NO_SP
WBGene00223990_3,NO_SP
WBGene00223999,SP
WBGene00223999_2,SP
WBGene00223999_3,SP
WBGene00223999_4,SP
WBGene00223999_5,SP
WBGene00223999_6,SP
WBGene00224015,SP
WBGene00224015_2,SP
WBGene00224044,NO_SP
WBGene00224044_2,NO_SP
WBGene00224078,NO_SP
WBGene00224078_2,NO_SP
WBGene00224081,NO_SP
WBGene00224081_2,NO_SP
WBGene00224081_3,NO_SP
WBGene00224081_4,NO_SP
WBGene00224081_5,NO_SP
WBGene00224081_6,NO_SP
WBGene00224081_7,NO_SP
WBGene00224081_8,NO_SP
WBGene00224081_9,NO_SP
WBGene00224081_10,NO_SP
WBGene00224081_11,NO_SP
WBGene00224081_12,NO_SP
WBGene00224081_13,SP
WBGene00224081_14,SP
WBGene00224142,SP
WBGene00224142_2,SP
WBGene00224198,NO_SP
WBGene00224198_2,NO_SP
WBGene00224198_3,NO_SP
WBGene00224214,NO_SP
WBGene00224214_2,NO_SP
WBGene00224220,SP
WBGene00224246,SP
WBGene00224246_2,SP
WBGene00224246_3,SP
WBGene00224246_4,SP
WBGene00224257,SP
WBGene00224257_2,SP
WBGene00224257_3,SP
WBGene00224257_4,SP
WBGene00224269,NO_SP
WBGene00224289,NO_SP
WBGene00224289_2,NO_SP
WBGene00224289_3,NO_SP
WBGene00224289_4,NO_SP
WBGene00224354,NO_SP
WBGene00224354_2,NO_SP
WBGene00224365,NO_SP
WBGene00224365_2,NO_SP
WBGene00224373,NO_SP
WBGene00224373_2,NO_SP
WBGene00224373_3,NO_SP
WBGene00224373_4,NO_SP
WBGene00224377,NO_SP
WBGene00224377_2,NO_SP
WBGene00224386,NO_SP
WBGene00224386_2,NO_SP
WBGene00224408,NO_SP
WBGene00224503,NO_SP
WBGene00224545,NO_SP
WBGene00224545_2,NO_SP
WBGene00224545_3,NO_SP
WBGene00224545_4,NO_SP
WBGene00224576,NO_SP
WBGene00224576_2,NO_SP
WBGene00224579,NO_SP
WBGene00224579_2,NO_SP
WBGene00224579_3,NO_SP
WBGene00224579_4,NO_SP
WBGene00224604,NO_SP
WBGene00224604_2,NO_SP
WBGene00224604_3,NO_SP
WBGene00224604_4,NO_SP
WBGene00224647,NO_SP
WBGene00224647_2,NO_SP
WBGene00224647_3,NO_SP
WBGene00224647_4,NO_SP
WBGene00224647_5,NO_SP
WBGene00224647_6,NO_SP
WBGene00224647_7,NO_SP
WBGene00224647_8,NO_SP
WBGene00224649,NO_SP
WBGene00224706,NO_SP
WBGene00224706_2,NO_SP
WBGene00224722,NO_SP
WBGene00224722_2,NO_SP
WBGene00224735,SP
WBGene00224735_2,SP
WBGene00224756,NO_SP
WBGene00224836,NO_SP
WBGene00224836_2,NO_SP
WBGene00224867,NO_SP
WBGene00224867_2,NO_SP
WBGene00224890,SP
WBGene00224890_2,SP
WBGene00224972,SP
WBGene00224972_2,SP
WBGene00225050,NO_SP
WBGene00225120,NO_SP
WBGene00225205,NO_SP
WBGene00225205_2,NO_SP
WBGene00225205_3,NO_SP
WBGene00225205_4,NO_SP
WBGene00225233,NO_SP
WBGene00225260,NO_SP
WBGene00225260_2,NO_SP
WBGene00225260_3,NO_SP
WBGene00225260_4,NO_SP
WBGene00225260_5,NO_SP
WBGene00225260_6,NO_SP
WBGene00225260_7,NO_SP
WBGene00225260_8,NO_SP
WBGene00225260_9,NO_SP
WBGene00225260_10,NO_SP
WBGene00225260_11,NO_SP
WBGene00225260_12,NO_SP
WBGene00225264,NO_SP
WBGene00225264_2,NO_SP
WBGene00225264_3,NO_SP
WBGene00225264_4,NO_SP
WBGene00225275,NO_SP
WBGene00225275_2,NO_SP
WBGene00225275_3,NO_SP
WBGene00225275_4,NO_SP
WBGene00225275_5,NO_SP
WBGene00225275_6,NO_SP
WBGene00225283,NO_SP
WBGene00225283_2,NO_SP
WBGene00225283_3,NO_SP
WBGene00225315,NO_SP
WBGene00225315_2,NO_SP
WBGene00225330,NO_SP
WBGene00225330_2,NO_SP
WBGene00225337,NO_SP
WBGene00225337_2,NO_SP
WBGene00225337_3,NO_SP
WBGene00225337_4,NO_SP
WBGene00225337_5,NO_SP
WBGene00225337_6,NO_SP
WBGene00225337_7,NO_SP
WBGene00225337_8,NO_SP
WBGene00225337_9,NO_SP
WBGene00225337_10,NO_SP
WBGene00225337_11,NO_SP
WBGene00225337_12,NO_SP
WBGene00225350,SP
WBGene00225350_2,SP
WBGene00225350_3,NO_SP
WBGene00225350_4,NO_SP
WBGene00225350_5,NO_SP
WBGene00225350_6,NO_SP
WBGene00225382,NO_SP
WBGene00225404,NO_SP
WBGene00225415,NO_SP
WBGene00225415_2,NO_SP
WBGene00225421,NO_SP
WBGene00225421_2,NO_SP
WBGene00225444,NO_SP
WBGene00225444_2,NO_SP
WBGene00225444_3,NO_SP
WBGene00225444_4,NO_SP
WBGene00225496,NO_SP
WBGene00225496_2,NO_SP
WBGene00225496_3,NO_SP
WBGene00225496_4,NO_SP
WBGene00225504,NO_SP
WBGene00225504_2,NO_SP
WBGene00225507,NO_SP
WBGene00225507_2,NO_SP
WBGene00225507_3,NO_SP
WBGene00225570,NO_SP
WBGene00225570_2,NO_SP
WBGene00225572,NO_SP
WBGene00225572_2,NO_SP
WBGene00225572_3,NO_SP
WBGene00225573,NO_SP
WBGene00225573_2,NO_SP
WBGene00225613,NO_SP
WBGene00225638,NO_SP
WBGene00225638_2,NO_SP
WBGene00225664,NO_SP
WBGene00225664_2,NO_SP
WBGene00225680,NO_SP
WBGene00225680_2,NO_SP
WBGene00225680_3,NO_SP
WBGene00225680_4,NO_SP
WBGene00225684,NO_SP
WBGene00225684_2,NO_SP
WBGene00225684_3,NO_SP
WBGene00225684_4,NO_SP
WBGene00225684_5,NO_SP
WBGene00225692,SP
WBGene00225692_2,SP
WBGene00225692_3,NO_SP
WBGene00225692_4,NO_SP
WBGene00225697,NO_SP
WBGene00225697_2,NO_SP
WBGene00225720,NO_SP
WBGene00225720_2,NO_SP
WBGene00225737,NO_SP
WBGene00225786,NO_SP
WBGene00225786_2,NO_SP
WBGene00225786_3,NO_SP
WBGene00225786_4,NO_SP
WBGene00225792,NO_SP
WBGene00225792_2,NO_SP
WBGene00225792_3,NO_SP
WBGene00225801,NO_SP
WBGene00225807,NO_SP
WBGene00225823,NO_SP
WBGene00225823_2,NO_SP
WBGene00225831,NO_SP
WBGene00225831_2,NO_SP
WBGene00225841,NO_SP
WBGene00225841_2,NO_SP
WBGene00225841_3,NO_SP
WBGene00225841_4,NO_SP
WBGene00225877,NO_SP
WBGene00225889,NO_SP
WBGene00225889_2,NO_SP
WBGene00225899,SP
WBGene00225899_2,SP
WBGene00225900,NO_SP
WBGene00225910,NO_SP
WBGene00225922,SP
WBGene00225935,NO_SP
WBGene00225942,NO_SP
WBGene00225960,NO_SP
WBGene00225960_2,NO_SP
WBGene00225960_3,NO_SP
WBGene00225960_4,NO_SP
WBGene00225960_5,NO_SP
WBGene00225960_6,NO_SP
WBGene00225998,NO_SP
WBGene00225998_2,NO_SP
WBGene00226009,NO_SP
WBGene00226009_2,NO_SP
WBGene00226014,NO_SP
WBGene00226014_2,NO_SP
WBGene00226014_3,NO_SP
WBGene00226014_4,NO_SP
WBGene00226043,NO_SP
WBGene00226120,NO_SP
WBGene00226154,NO_SP
WBGene00226154_2,NO_SP
WBGene00226154_3,NO_SP
WBGene00226154_4,NO_SP
WBGene00226161,NO_SP
WBGene00226192,NO_SP
WBGene00226192_2,NO_SP
WBGene00226192_3,NO_SP
WBGene00226192_4,NO_SP
WBGene00226192_5,NO_SP
WBGene00226192_6,NO_SP
WBGene00226195,NO_SP
WBGene00226199,NO_SP
WBGene00226199_2,NO_SP
WBGene00226204,SP
WBGene00226204_2,SP
WBGene00226211,NO_SP
WBGene00226211_2,NO_SP
WBGene00226211_3,NO_SP
WBGene00226211_4,NO_SP
WBGene00226211_5,NO_SP
WBGene00226211_6,NO_SP
WBGene00226211_7,NO_SP
WBGene00226211_8,NO_SP
WBGene00226239,NO_SP
WBGene00226239_2,NO_SP
WBGene00226271,NO_SP
WBGene00226271_2,NO_SP
WBGene00226271_3,NO_SP
WBGene00226271_4,NO_SP
WBGene00226292,SP
WBGene00226308,NO_SP
WBGene00226308_2,NO_SP
WBGene00226322,SP
WBGene00226325,NO_SP
WBGene00226325_2,NO_SP
WBGene00226328,NO_SP
WBGene00226328_2,NO_SP
WBGene00226328_3,NO_SP
WBGene00226328_4,NO_SP
WBGene00226328_5,NO_SP
WBGene00226328_6,NO_SP
WBGene00226341,NO_SP
WBGene00226344,NO_SP
WBGene00226344_2,NO_SP
WBGene00226345,SP
WBGene00226345_2,SP
WBGene00226348,NO_SP
WBGene00226348_2,NO_SP
WBGene00226372,NO_SP
WBGene00226372_2,NO_SP
WBGene00226459,NO_SP
WBGene00226459_2,NO_SP
WBGene00226459_3,NO_SP
WBGene00226459_4,NO_SP
WBGene00226459_5,NO_SP
WBGene00226459_6,NO_SP
WBGene00226459_7,NO_SP
WBGene00226459_8,NO_SP
WBGene00226480,NO_SP
WBGene00226480_2,NO_SP
WBGene00226480_3,NO_SP
WBGene00226480_4,NO_SP
WBGene00226480_5,NO_SP
WBGene00226480_6,NO_SP
WBGene00226480_7,NO_SP
WBGene00226480_8,NO_SP
WBGene00226481,NO_SP
WBGene00226481_2,NO_SP
WBGene00226491,NO_SP
WBGene00226501,SP
WBGene00226501_2,SP
WBGene00226501_3,NO_SP
WBGene00226501_4,NO_SP
WBGene00226501_5,NO_SP
WBGene00226501_6,NO_SP
WBGene00226501_7,NO_SP
WBGene00226501_8,NO_SP
WBGene00226513,NO_SP
WBGene00226513_2,NO_SP
WBGene00226543,NO_SP
WBGene00226543_2,NO_SP
WBGene00226543_3,NO_SP
WBGene00226543_4,NO_SP
WBGene00226543_5,NO_SP
WBGene00226543_6,NO_SP
WBGene00226543_7,SP
WBGene00226543_8,SP
WBGene00226544,NO_SP
WBGene00226544_2,NO_SP
WBGene00226546,NO_SP
WBGene00226568,NO_SP
WBGene00226568_2,NO_SP
WBGene00226568_3,NO_SP
WBGene00226568_4,NO_SP
WBGene00226588,NO_SP
WBGene00226644,NO_SP
WBGene00226644_2,NO_SP
WBGene00226673,SP
WBGene00226673_2,SP
WBGene00226707,NO_SP
WBGene00226707_2,NO_SP
WBGene00226760,NO_SP
WBGene00226760_2,NO_SP
WBGene00226788,SP
WBGene00226788_2,SP
WBGene00226789,NO_SP
WBGene00226805,NO_SP
WBGene00226805_2,NO_SP
WBGene00226805_3,NO_SP
WBGene00226805_4,NO_SP
WBGene00226899,NO_SP
WBGene00226908,NO_SP
WBGene00226961,SP
WBGene00226980,NO_SP
WBGene00226980_2,NO_SP
WBGene00226985,NO_SP
WBGene00227059,NO_SP
WBGene00227065,NO_SP
WBGene00227072,NO_SP
WBGene00227086,NO_SP
WBGene00227086_2,NO_SP
WBGene00227105,NO_SP
WBGene00227105_2,NO_SP
WBGene00227105_3,NO_SP
WBGene00227123,NO_SP
WBGene00227123_2,NO_SP
WBGene00227131,NO_SP
WBGene00227158,NO_SP
WBGene00227158_2,NO_SP
WBGene00227164,NO_SP
WBGene00227164_2,NO_SP
WBGene00227164_3,NO_SP
WBGene00227164_4,NO_SP
WBGene00227251,NO_SP
WBGene00227251_2,NO_SP
WBGene00227251_3,NO_SP
WBGene00227251_4,NO_SP
WBGene00227251_5,NO_SP
WBGene00227251_6,NO_SP
WBGene00227253,NO_SP
WBGene00227269,NO_SP
WBGene00227269_2,NO_SP
WBGene00227301,SP
WBGene00227304,NO_SP
WBGene00227304_2,NO_SP
WBGene00227313,NO_SP
WBGene00227313_2,NO_SP
WBGene00227315,NO_SP
WBGene00227315_2,NO_SP
WBGene00227315_3,NO_SP
WBGene00227315_4,NO_SP
WBGene00227337,NO_SP
WBGene00227337_2,NO_SP
WBGene00227337_3,NO_SP
WBGene00227337_4,NO_SP
WBGene00227337_5,NO_SP
WBGene00227353,NO_SP
WBGene00227356,NO_SP
WBGene00227358,NO_SP
WBGene00227358_2,NO_SP
WBGene00227358_3,NO_SP
WBGene00227358_4,NO_SP
WBGene00227379,SP
WBGene00227379_2,SP
WBGene00227379_3,SP
WBGene00227379_4,SP
WBGene00227379_5,SP
WBGene00227379_6,SP
WBGene00227379_7,NO_SP
WBGene00227379_8,NO_SP
WBGene00227379_9,NO_SP
WBGene00227379_10,NO_SP
WBGene00227390,SP
WBGene00227390_2,SP
WBGene00227404,NO_SP
WBGene00227404_2,NO_SP
WBGene00227425,NO_SP
WBGene00227425_2,NO_SP
WBGene00227425_3,NO_SP
WBGene00227425_4,NO_SP
WBGene00227460,NO_SP
WBGene00227505,NO_SP
WBGene00227505_2,NO_SP
WBGene00227507,NO_SP
WBGene00227507_2,NO_SP
WBGene00227507_3,NO_SP
WBGene00227507_4,NO_SP
WBGene00227507_5,NO_SP
WBGene00227507_6,NO_SP
WBGene00227507_7,NO_SP
WBGene00227507_8,NO_SP
WBGene00227507_9,NO_SP
WBGene00227507_10,NO_SP
WBGene00227507_11,NO_SP
WBGene00227507_12,NO_SP
WBGene00227554,NO_SP
WBGene00227554_2,NO_SP
WBGene00227554_3,NO_SP
WBGene00227594,NO_SP
WBGene00227594_2,NO_SP
WBGene00227594_3,NO_SP
WBGene00227594_4,NO_SP
WBGene00227594_5,NO_SP
WBGene00227594_6,NO_SP
WBGene00227594_7,NO_SP
WBGene00227594_8,NO_SP
WBGene00227621,NO_SP
WBGene00227621_2,NO_SP
WBGene00227621_3,NO_SP
WBGene00227621_4,NO_SP
WBGene00227633,NO_SP
WBGene00227633_2,NO_SP
WBGene00227633_3,NO_SP
WBGene00227633_4,NO_SP
WBGene00227633_5,NO_SP
WBGene00227633_6,NO_SP
WBGene00227642,NO_SP
WBGene00227646,SP
WBGene00227646_2,SP
WBGene00227657,NO_SP
WBGene00227657_2,NO_SP
WBGene00227657_3,NO_SP
WBGene00227657_4,NO_SP
WBGene00227700,NO_SP
WBGene00227700_2,NO_SP
WBGene00227700_3,NO_SP
WBGene00227700_4,NO_SP
WBGene00227701,SP
WBGene00227738,NO_SP
WBGene00227738_2,NO_SP
WBGene00227738_3,NO_SP
WBGene00227738_4,NO_SP
WBGene00227763,NO_SP
WBGene00227763_2,NO_SP
WBGene00227801,NO_SP
WBGene00227801_2,NO_SP
WBGene00227801_3,NO_SP
WBGene00227801_4,NO_SP
WBGene00227814,NO_SP
WBGene00227825,NO_SP
WBGene00227847,NO_SP
WBGene00227847_2,NO_SP
WBGene00227861,NO_SP
WBGene00227861_2,NO_SP
WBGene00227861_3,NO_SP
WBGene00227861_4,NO_SP
WBGene00227900,NO_SP
WBGene00227900_2,NO_SP
WBGene00227900_3,NO_SP
WBGene00227900_4,NO_SP
WBGene00227992,SP
WBGene00227992_2,SP
WBGene00228080,NO_SP
WBGene00228080_2,NO_SP
WBGene00228080_3,NO_SP
WBGene00228080_4,NO_SP
WBGene00228080_5,NO_SP
WBGene00228105,NO_SP
WBGene00228105_2,NO_SP
WBGene00228154,NO_SP
WBGene00228154_2,NO_SP
WBGene00228298,NO_SP
WBGene00228298_2,NO_SP
WBGene00228298_3,NO_SP
WBGene00228298_4,NO_SP
WBGene00228355,NO_SP
WBGene00228355_2,NO_SP
WBGene00228355_3,NO_SP
WBGene00228412,NO_SP
WBGene00228412_2,NO_SP
WBGene00228442,NO_SP
WBGene00228442_2,NO_SP
WBGene00228481,NO_SP
WBGene00228481_2,NO_SP
WBGene00228685,NO_SP
WBGene00228685_2,NO_SP
WBGene00228685_3,NO_SP
WBGene00228685_4,NO_SP
WBGene00228731,NO_SP
WBGene00228757,NO_SP
WBGene00228818,NO_SP
WBGene00228818_2,NO_SP
WBGene00228818_3,NO_SP
WBGene00228818_4,NO_SP
WBGene00228921,SP
WBGene00228921_2,SP
WBGene00228921_3,NO_SP
WBGene00228921_4,NO_SP
WBGene00229027,NO_SP
WBGene00229027_2,NO_SP
WBGene00229027_3,NO_SP
WBGene00229027_4,NO_SP
WBGene00229138,NO_SP
WBGene00229305,NO_SP
WBGene00229305_2,NO_SP
WBGene00229313,SP
WBGene00229313_2,SP
WBGene00229332,NO_SP
WBGene00229332_2,NO_SP
WBGene00229332_3,NO_SP
WBGene00229332_4,NO_SP
WBGene00229365,NO_SP
WBGene00229391,NO_SP
WBGene00229466,NO_SP
WBGene00229489,NO_SP
WBGene00229498,NO_SP
WBGene00229498_2,NO_SP
WBGene00229499,NO_SP
WBGene00229499_2,NO_SP
WBGene00229607,SP
WBGene00229607_2,SP
WBGene00229641,SP
WBGene00229641_2,SP
WBGene00229889,SP
WBGene00229889_2,SP
WBGene00229992,SP
WBGene00229993,NO_SP
WBGene00230037,SP
WBGene00230037_2,SP
WBGene00230098,NO_SP
WBGene00230098_2,NO_SP
WBGene00230129,NO_SP
WBGene00230265,NO_SP
WBGene00230319,NO_SP
WBGene00230319_2,NO_SP
WBGene00230366,SP
WBGene00230507,SP
WBGene00230526,SP
WBGene00230563,NO_SP
WBGene00230582,NO_SP
WBGene00230582_2,NO_SP
WBGene00230582_3,SP
WBGene00230582_4,SP
WBGene00230620,NO_SP
WBGene00230620_2,NO_SP
WBGene00230930,SP
WBGene00230930_2,NO_SP
WBGene00231031,NO_SP
WBGene00231031_2,NO_SP
WBGene00231041,SP
WBGene00231042,SP
WBGene00231066,NO_SP
WBGene00231083,SP
WBGene00231083_2,SP
WBGene00231083_3,SP
WBGene00231083_4,SP
WBGene00231111,SP
WBGene00231111_2,SP
WBGene00231155,NO_SP
WBGene00231155_2,NO_SP
WBGene00231155_3,NO_SP
WBGene00231155_4,NO_SP
WBGene00231170,NO_SP
WBGene00231170_2,NO_SP
WBGene00231210,NO_SP
WBGene00231306,NO_SP
WBGene00231306_2,NO_SP
WBGene00231447,NO_SP
WBGene00231447_2,NO_SP
WBGene00231492,NO_SP
WBGene00231492_2,NO_SP
WBGene00231504,SP
WBGene00231575,NO_SP
WBGene00231575_2,NO_SP
WBGene00231627,NO_SP
WBGene00231627_2,NO_SP
WBGene00231627_3,NO_SP
WBGene00231627_4,NO_SP
WBGene00231732,SP
WBGene00231732_2,SP
WBGene00231732_3,SP
WBGene00231732_4,SP
WBGene00231732_5,SP
WBGene00231732_6,SP
WBGene00231883,SP
WBGene00231980,SP
WBGene00231980_2,SP
WBGene00232401,NO_SP
WBGene00232401_2,NO_SP
WBGene00232606,NO_SP
WBGene00232606_2,NO_SP
WBGene00232650,NO_SP
WBGene00232650_2,NO_SP
WBGene00232650_3,NO_SP
WBGene00232650_4,NO_SP
WBGene00232772,NO_SP
WBGene00233091,NO_SP
WBGene00233096,NO_SP
WBGene00233096_2,NO_SP
WBGene00233158,SP
WBGene00233578,NO_SP
WBGene00233578_2,NO_SP
WBGene00233914,NO_SP
WBGene00233925,NO_SP
WBGene00233943,NO_SP
WBGene00233997,NO_SP
WBGene00234023,NO_SP
WBGene00234029,NO_SP
WBGene00234039,NO_SP
WBGene00234040,NO_SP
WBGene00234040_2,NO_SP
WBGene00234040_3,NO_SP
WBGene00234042,NO_SP
WBGene00234042_2,NO_SP
WBGene00234096,NO_SP
WBGene00234096_2,NO_SP
WBGene00234098,NO_SP
WBGene00234098_2,NO_SP
WBGene00234100,NO_SP
WBGene00234116,NO_SP
WBGene00234116_2,NO_SP
WBGene00234121,NO_SP
WBGene00234121_2,NO_SP
WBGene00234121_3,NO_SP
WBGene00234135,NO_SP
WBGene00234135_2,NO_SP
WBGene00234135_3,NO_SP
WBGene00234141,NO_SP
WBGene00234141_2,NO_SP
WBGene00234146,NO_SP
WBGene00234154,NO_SP
WBGene00234154_2,NO_SP
WBGene00234156,NO_SP
WBGene00234156_2,NO_SP
WBGene00234156_3,NO_SP
WBGene00234156_4,NO_SP
WBGene00234176,NO_SP
WBGene00234176_2,NO_SP
WBGene00234202,NO_SP
WBGene00234202_2,NO_SP
WBGene00234202_3,NO_SP
WBGene00234210,NO_SP
WBGene00234226,NO_SP
WBGene00234226_2,NO_SP
WBGene00234231,NO_SP
WBGene00234289,NO_SP
WBGene00234297,NO_SP
WBGene00234297_2,NO_SP
WBGene00234316,NO_SP
WBGene00234316_2,NO_SP
WBGene00234320,NO_SP
WBGene00234320_2,NO_SP
WBGene00234322,NO_SP
WBGene00234329,NO_SP
WBGene00234330,NO_SP
WBGene00234330_2,NO_SP
WBGene00234332,NO_SP
WBGene00234332_2,NO_SP
WBGene00234338,NO_SP
WBGene00234943,NO_SP
WBGene00234956,NO_SP
WBGene00234956_2,NO_SP
WBGene00234963,NO_SP
WBGene00234963_2,NO_SP
WBGene00234971,NO_SP
WBGene00234971_2,NO_SP
WBGene00234977,NO_SP
WBGene00234977_2,NO_SP
WBGene00234977_3,NO_SP
WBGene00234977_4,NO_SP
WBGene00235046,SP
WBGene00235046_2,SP
WBGene00235059,NO_SP
WBGene00235066,SP
WBGene00255534,NO_SP
WBGene00268299,NO_SP
WBGene00268538,NO_SP
WBGene00268538_2,NO_SP
WBGene00268538_3,NO_SP
WBGene00268538_4,NO_SP
WBGene00268538_5,NO_SP
WBGene00268573,SP
WBGene00268573_2,SP
WBGene00268712,NO_SP
WBGene00268841,NO_SP
WBGene00268841_2,NO_SP
WBGene00268841_3,NO_SP
WBGene00269128,NO_SP
WBGene00269128_2,NO_SP
WBGene00269140,SP
WBGene00269140_2,SP
WBGene00269145,SP
WBGene00269159,NO_SP
WBGene00269160,SP
WBGene00304805,NO_SP
WBGene00304805_2,NO_SP